depth,Ca,Sr,Fe,Rb,K,Mo,V,S
5,374097.5933,1713.306667,643,6.5,NA,14.33,22.07,2018.146667
10,367558.45,1695.306667,698.35,6.163333333,292.16,12.52666667,21.75,1848.236667
15,367870.2733,1732.013333,996.7,7.656666667,315.25,14.34333333,25.185,1890.873333
20,370937.6767,1711.69,626.56,6.873333333,NA,13.75333333,23.83,1597.04
25,389291.7533,1495.443333,465.07,4.555,NA,7.076666667,23.51,1700.32
30,378661.3967,1503.203333,528.78,4.28,NA,7.513333333,27.08,1434.973333
35,381814.3567,1686.366667,650.82,6.986666667,NA,14.55333333,NA,1597.466667
40,382540.5933,1670.63,607.01,5.033333333,NA,12.32333333,24.37,1702.33
45,357279.22,1491.783333,740.5666667,5.853333333,358.5233333,9.823333333,27.75,1552.26
50,371392.8133,1726.776667,375.6033333,5.41,NA,13.38,27.71,1616.08
55,384279.73,1665.923333,416.52,5.606666667,NA,11.44333333,24.23,1676.596667
60,322731.3333,1249.856667,309.34,3.74,NA,6.186666667,NA,1361.856667
65,361735.66,1735.79,509.1166667,6.65,NA,17.17,22.24,1153.773333
70,361841.29,1768.38,467.85,7.15,NA,16.04666667,30.51,1568.486667
75,379768.6167,1564.19,357.49,4.11,NA,8.466666667,24.985,1583.476667
80,359411.0933,1579.223333,487.8966667,5.14,NA,12.08,NA,1772.11
85,379498.3,1622.25,646.41,6.08,NA,12.14,22.63,1596.93
90,376520.0733,1869,566.2533333,7.993333333,NA,18.57,27.13,1923.49
95,372115.6467,1870.423333,576.1733333,7.523333333,NA,17.9,28.73,1516.953333
100,372721.54,2208.84,593.9366667,7.726666667,NA,18.27333333,25.805,1475.673333
105,350115.3667,2089.606667,1048.613333,7.726666667,437.1433333,18.43666667,27.18333333,1489.27
110,354633.76,1779.33,1111.223333,5.793333333,689.65,9.34,28.54,1585.756667
115,323831.22,1723.643333,1066.21,8.09,713.9866667,11.05333333,23.47666667,1550.513333
120,316945,1838.326667,1441.313333,8.11,869.6433333,10.40666667,29.50333333,1346.023333
125,357026.9667,1879.63,944.3366667,5.886666667,514.7066667,11.69333333,26.27666667,1359.893333
130,326241.47,1938.166667,1231.433333,8.12,671.08,15.51,25.17,1359.71
135,317196.6467,1909.303333,1437.91,8.72,779.1133333,17.22,27.60333333,1502.056667
140,348620.3767,1718.066667,1341.88,8.443333333,834.88,14.98666667,29.43,1356.483333
145,328574.1667,1936.1,1044.53,6.906666667,652.5166667,12.26666667,22.18,1506.74
150,328759.7,1804.793333,1067.406667,7.21,684.0033333,14.38666667,24.13,1574.07
155,313822.43,1716.683333,2040.81,12.17333333,1528.763333,16.93333333,24.9,1760.253333
160,336140.5333,1789.13,1415.973333,9.48,911.4133333,18.80666667,31.33,1832.773333
165,359293.99,1955.75,1848.36,10.52333333,1243.666667,17.04333333,29.37,2004.65
170,339415.4067,1806.176667,1816.836667,8.7,1459.17,15.99,31.405,1690.893333
175,371547.8333,1599.546667,1304.523333,6.463333333,1033.703333,10.54333333,26.63,1486.46
180,340841.24,1678.113333,1885.61,8.243333333,1466.7,10.19666667,25.23,1537.59
185,332702.7067,1742.446667,2277.103333,12.17,1698.98,12.42666667,25.98333333,1291.366667
190,357538.27,2111.75,880.8366667,7.18,348.5533333,17.16,30.45666667,2041.946667
195,365943.76,1833.483333,1044.276667,7.046666667,595.2233333,13.78666667,26.57666667,1976.736667
200,329542.6967,1456.38,2787.633333,13.02,2300.046667,13.06666667,27.035,1711.263333
205,344547.99,1599.673333,2703.763333,12.81666667,2398.58,11.79666667,28.31,1718.063333
210,358627.1067,1458.616667,1996.883333,9.683333333,1776.356667,8.48,27.4,1678.236667
215,307797.5533,1497.336667,2953.883333,13.97,2493.74,11.09,32.23666667,1469.573333
220,325112.8767,1421.49,2877.73,12.49,2534.57,7.4,35.17333333,1523.823333
225,362430.6033,1600.413333,2144.65,12.15333333,1908.793333,11.23666667,27.49,2192.4
230,355958.43,1554.42,1949.5025,11.075,1713.5,8.1825,30.72,1756.675
232,335598.4567,1605.053333,3202.796667,16.18333333,2532.613333,13.08333333,30.77,1921.846667
235,341925.22,1456.076667,2780.356667,11.41333333,2597.716667,7.456666667,28.69,1612.26
238,233676.5633,1543.853333,4137.03,16.68666667,1887.853333,13.3,33.50333333,1182.083333
240,352386.6967,1478.903333,2209.816667,10.33333333,1963.396667,7.276666667,30.46666667,1866.1
245,340830.45,1521.893333,2811.033333,14.21666667,2751.673333,7.923333333,28.06,1970.38
248,345193.5,1948.696667,4231.183333,19.25,2188.51,22.76666667,31.44333333,1634.67
250,334067.97,1480.176667,2335.18,10.93666667,2283.79,6.93,30.77,1943.226667
252,320678.8433,1731.556667,4109.36,20.48666667,3009.03,15.67666667,28.22666667,1689.823333
255,318447.9167,1512.056667,3319.53,15.67,3175.95,8.906666667,27.145,2012.61
258,317323,1769.753333,4420.526667,21.30333333,3088.85,16.14,32.17,1704.893333
260,344225.3567,1552.646667,2775.153333,13.85333333,2592.44,7.08,NA,2009.666667
262,334360.69,1984.353333,4838.023333,22.95666667,2842.116667,22.06333333,31.45333333,1926.256667
265,350347.25,1509.306667,2122.686667,11.97333333,2066.626667,7.733333333,NA,2035.026667
268,280494.2333,1725.503333,3702.256667,18.75666667,2572.856667,14.54666667,32.10666667,1755.906667
270,334221.5533,1509.703333,2355.586667,11.82333333,2269.716667,8.02,24.92,1669.696667
272,308423.82,1760.126667,4651.92,22.52333333,2933.843333,15.77666667,27.92666667,1957.146667
275,282646.8233,1515.76,3969.55,20.60333333,3339.843333,10.44,27.7,2212.35
278,265090.52,1682.553333,8252.873333,31.82,4220.04,19.13,46.41333333,2422.9
280,321892.8733,1720.89,3408.06,18.77666667,2468.66,18.55666667,28.71,2219.116667
282,334830.3533,1811.376667,3180.226667,16.97333333,1870.973333,19.35333333,33.1,2245.593333
285,342965.71,1616.693333,1873.656667,9.983333333,1495.666667,10.07333333,NA,2438.69
288,313889.3167,1891.493333,3733.36,18.45,2212.423333,20.29666667,36.46666667,2934.59
290,292799.4267,1493.376667,3197.86,15.29666667,2727.63,8.01,28.455,2621.61
292,291181.45,1776.226667,4063.036667,21.02666667,2687.233333,15.61,43.41,2978.976667
295,296416.3533,1648.903333,2881.936667,17.98666667,1990.123333,14.49,34.64,3166.08
298,320747.3033,2001.73,5292.48,19.19666667,1483.666667,24.35333333,47.69,2736.54
300,288583.0967,1578.013333,2991.706667,14.58333333,1965.493333,16.87,52.91333333,2771.553333
302,312408.44,1848.993333,3588.813333,18.02666667,2012.566667,19.47,50.76333333,3218.546667
305,353249.9167,1913.416667,1232.776667,8.71,784.5966667,15.49666667,30.17,2254.48
308,325704.3133,2004.59,4240.436667,20.53,2151.176667,23.52333333,45.37666667,2714.823333
310,334769.6567,1700.833333,1420.19,8.223333333,852.7066667,14.75333333,37.58666667,2529.876667
312,270661.94,1783.12,4093.046667,23.00333333,1779.326667,27.53333333,60.04,4607.796667
315,237170.1033,1420.023333,3382.133333,21.62,2374.876667,16.16333333,48.79,4543.403333
318,195917.7767,1438.723333,8554.183333,39.42666667,3610.696667,29.48,73.96,5949.59
320,257633.71,1541.443333,4454.9,28.43333333,2853.516667,20.85333333,46.73,3886.743333
322,228665.9967,1634.993333,10177.40333,40.65333333,4237.78,26.52,58.29333333,3933.256667
325,240878.2267,1466.283333,4009.516667,24.88666667,2799.29,20.34333333,62.46333333,4463.01
328,199928.5367,2009.12,3620.956667,20.395,1415.12,25.735,38.47333333,2401.553333
330,315480.3967,1936.84,2472.89,17.29666667,1525.033333,22.37,36.49,3405.546667
332,317271.74,2261.233333,1789,12.95666667,518.75,29.98,51.28,3659.816667
335,352285.25,2111.116667,920.78,10.18666667,NA,21.61,24.13666667,2971.46
338,364961.6467,2062.7,1076.463333,10.76333333,396.1166667,25.12,39.47666667,3093.02
340,363008.29,2113.81,1206.453333,13.98333333,552.9866667,26.87333333,26.92,3030.093333
342,367712.69,2080.62,1628.916667,11.57666667,803.85,23.24333333,32.91666667,2643.633333
345,334297.5133,1666.343333,1920.463333,12.61333333,1543.736667,14.30666667,26.36333333,2971.79
350,321932.8133,1653.556667,2431.726667,14.01333333,1871.483333,13.81,37.44,2589.633333
352,262222.6433,1744.56,6495.733333,25.38,2224.48,31.21,69.21,5380.82
355,218481.07,1381.98,4502.976667,23.41666667,2653.136667,26.74333333,72.27,4880.976667
358,328121.9933,1914.65,2784.683333,16.37,1064.3,26.32,41.96,3984.063333
360,322102.4067,1721.226667,1797.07,12.66666667,661.6066667,24.01333333,41.05666667,3240.626667
362,285165.7967,1730.936667,3083.746667,14.00333333,810.62,25.91333333,46.75,3197.156667
365,322137.5,1739.496667,2098.313333,14.78,787.3933333,27.24666667,45.42,3148.013333
368,249521.17,1490.63,9653.856667,38.15333333,5292.263333,22.44333333,48.32,3307.45
370,334016.9267,1693.816667,1718.336667,10.96333333,1212.77,15.31,37.39333333,3003.636667
372,266209.87,1640.616667,6863.603333,26.71,3486.62,24.81666667,49.85,3866.376667
375,324609.0933,1843.193333,2324.49,14.96,1213.653333,21.59,36.03,2963.32
378,271524.7733,1747.523333,8487.793333,29.29666667,3040.376667,32.08,47.13,4413.376667
380,222348.5567,1143.263333,7677.616667,37.35,4922.62,26.85,49.65666667,3670.29
382,242267.3267,1543.696667,8759.116667,32.53,3414.843333,32.72666667,49.16666667,3998.95
385,280871.1467,1362.85,2368.423333,16.89333333,1275.69,29.51333333,35.97,3987.596667
388,299345.9067,1758.59,3380.263333,18.35333333,1350.933333,31.88666667,42.14,4038.66
390,302350.1967,1338.476667,2535.53,17.11333333,1594.253333,23.06666667,32.56,3832.083333
392,266808.67,1550.646667,6282.226667,30.68666667,3359.223333,27.42,40.09,3892.256667
395,319093.8667,1602.433333,2381.533333,14.50333333,1545.393333,19.67333333,28.11666667,3042.146667
398,295204.18,1736.946667,5158.63,22.83333333,1940.696667,30.84333333,47.08333333,3555.79
400,303524.3433,1489.036667,2897.836667,18.18,1761.013333,23.18,30.64666667,3355.533333
402,271427.3567,1679.89,7153.9,27.62666667,2146.32,41.17666667,47.30666667,3983.643333
405,289083.95,1482.723333,3311.386667,20.01,2412.146667,29.97,37.29,3778.896667
408,303995.2,1928.593333,2751.38,15.55666667,896.84,55.73333333,50.44666667,4337.776667
410,341581.6767,1763.466667,968.08,8.82,330.8466667,30.12666667,26.77,4021.163333
412,297090.6033,1993.493333,4093.433333,20.01,1406.95,52.11,41.31666667,5090.24
415,255681.2933,1810.933333,2248.556667,16.8,519.24,51.09666667,29.89666667,3670.013333
418,310447.46,1967.663333,2661.34,14.86666667,723.6733333,51.86666667,41.20333333,5063.73
420,284060.68,1739.303333,2273.686667,15.63,802.5433333,52.55333333,27.38333333,4157.776667
422,308163.44,1839.526667,4826.393333,17.69666667,887.2966667,52.13,36.79666667,4393.993333
425,320783.0733,1825.276667,1745.806667,12.08666667,820.2366667,44.85,24.92,4214.713333
428,244103.6767,1637.746667,8239.043333,30.73333333,2306.953333,77.86,48.22,5908.04
430,238817.5033,1220.343333,4299.263333,23.54,2459.443333,84.09,29.32,5129.826667
432,286065.45,1894.253333,5345.34,22.54,1537.176667,76.07,32.95,4925.97
435,295886.73,1752.996667,2844.25,18.77666667,1007.096667,68.87,29.22666667,3905.323333
438,259351.3933,1769.13,8666.146667,30.33666667,3204.606667,57.84333333,44.18666667,3445.286667
440,257713.6167,1360.386667,4014.886667,20.1,2676.86,50.55333333,27.96,3867.413333
443,239812.6233,1631.833333,7099.266667,30.24333333,2850.986667,52.81333333,38.37333333,3454.34
445,247851.0733,1566.63,3990.823333,21.05,2606.566667,35.78666667,28.28,3365.823333
448,279762.6133,1878.066667,5019.25,22.57666667,2099.953333,37.39666667,37.38,3182.05
450,273353.24,1812.22,2043.953333,10.06333333,889.2833333,19.76,21.57333333,2806.926667
452,305577.6267,1949.02,3575.776667,24.15,1539.04,33.40666667,28.135,4183.27
455,291613.5,1582.99,1978.793333,14.61333333,747.0833333,18.94666667,23.27,2995.086667
458,312883.45,1710.65,3149.363333,19.75,1645.023333,22.48,32.90333333,3328.863333
460,281902.3867,1707.73,2651.426667,16.49666667,1540.32,19.72666667,22.755,2848.546667
462,323975.9367,1468.063333,2327.676667,11.82333333,1479.18,12.52,28.775,2397.646667
465,287293.1067,1674.27,3053.203333,22.40333333,2020.513333,16.48666667,23.12,3058.016667
468,282440.9067,1686.553333,5663.983333,25.35,2485.446667,24.38666667,29.92666667,2663.32
470,258184.94,1612.58,3820.98,21.62666667,2432.476667,19.72,23.305,2785.653333
472,272624.8267,1891.57,7976.68,49.19666667,3208.803333,29.58666667,33.27,3211.423333
475,179201.66,1422.483333,4928.456667,36.33666667,2106.463333,36.06,24.75,3528.136667
478,230904.77,2157.973333,4267.446667,20.25333333,1519.156667,27.45333333,29.40666667,3214.596667
480,274602.8567,2273.53,2603.393333,15.8,1332.21,20.84666667,24.17,3398.19
482,351172.6767,1575.84,1371.93,7.736666667,966.3766667,12.01333333,21.37,1843.193333
485,346627.5733,1192.636667,1546.783333,9.556666667,1278.976667,6.433333333,29.415,2123.413333
